<?xml version="1.0" encoding="UTF-8"?>
<project-private xmlns="http://www.netbeans.org/ns/project-private/1">
    <editor-bookmarks xmlns="http://www.netbeans.org/ns/editor-bookmarks/2" lastBookmarkId="0"/>
    <open-files xmlns="http://www.netbeans.org/ns/projectui-open-files/2">
        <group>
            <file>file:/C:/xampp/htdocs/CSAD_FinalTue/TestFetch.js</file>
            <file>file:/C:/xampp/htdocs/CSAD_FinalTue/likedpage.php</file>
            <file>file:/C:/xampp/htdocs/CSAD_FinalTue/fashioncategorypage.php</file>
            <file>file:/C:/xampp/htdocs/CSAD_FinalTue/sellableFetch.js</file>
            <file>file:/C:/xampp/htdocs/CSAD_FinalTue/testPaypal.php</file>
            <file>file:/C:/xampp/htdocs/CSAD_FinalTue/electronicscategorypage.php</file>
            <file>file:/C:/xampp/htdocs/CSAD_FinalTue/allcategorypage.php</file>
            <file>file:/C:/xampp/htdocs/CSAD_FinalTue/homepage.php</file>
            <file>file:/C:/xampp/htdocs/CSAD_FinalTue/registerPage.php</file>
            <file>file:/C:/xampp/htdocs/CSAD_FinalTue/searchpage.php</file>
            <file>file:/C:/xampp/htdocs/CSAD_FinalTue/ProfilePage.php</file>
            <file>file:/C:/xampp/htdocs/CSAD_FinalTue/profilesettingpage.php</file>
            <file>file:/C:/xampp/htdocs/CSAD_FinalTue/myItemDetails.php</file>
            <file>file:/C:/xampp/htdocs/CSAD_FinalTue/newPage.php</file>
            <file>file:/C:/xampp/htdocs/CSAD_FinalTue/chatSys.php</file>
            <file>file:/C:/xampp/htdocs/CSAD_FinalTue/chatspage.php</file>
            <file>file:/C:/xampp/htdocs/CSAD_FinalTue/othercategorypage.php</file>
            <file>file:/C:/xampp/htdocs/CSAD_FinalTue/sportscategorypage.php</file>
            <file>file:/C:/xampp/htdocs/CSAD_FinalTue/SellerProfile.php</file>
            <file>file:/C:/xampp/htdocs/CSAD_FinalTue/index.php</file>
            <file>file:/C:/xampp/htdocs/CSAD_FinalTue/itempage.php</file>
            <file>file:/C:/xampp/htdocs/CSAD_FinalTue/loginPage.php</file>
            <file>file:/C:/xampp/htdocs/CSAD_FinalTue/reviewPage.php</file>
            <file>file:/C:/xampp/htdocs/CSAD_FinalTue/fdcategorypage.php</file>
            <file>file:/C:/xampp/htdocs/CSAD_FinalTue/SellerReviewPage.php</file>
            <file>file:/C:/xampp/htdocs/CSAD_FinalTue/assets/css/style.css</file>
            <file>file:/C:/xampp/htdocs/CSAD_FinalTue/aboutpage.php</file>
        </group>
    </open-files>
</project-private>
